id,nome
1,Cliente 001
2,Cliente 002
3,Cliente 003
4,Cliente 004
5,Cliente 005
6,Cliente 006
7,Cliente 007
8,Cliente 008
9,Cliente 009
10,Cliente 010
11,Cliente 011
12,Cliente 012
13,Cliente 013
14,Cliente 014
15,Cliente 015
16,Cliente 016
17,Cliente 017
18,Cliente 018
19,Cliente 019
20,Cliente 020
21,Cliente 021
22,Cliente 022
23,Cliente 023
24,Cliente 024
25,Cliente 025
26,Cliente 026
27,Cliente 027
28,Cliente 028
29,Cliente 029
30,Cliente 030
31,Cliente 031
32,Cliente 032
33,Cliente 033
34,Cliente 034
35,Cliente 035
36,Cliente 036
37,Cliente 037
38,Cliente 038
39,Cliente 039
40,Cliente 040
41,Cliente 041
42,Cliente 042
43,Cliente 043
44,Cliente 044
45,Cliente 045
46,Cliente 046
47,Cliente 047
48,Cliente 048
49,Cliente 049
50,Cliente 050
51,Cliente 051
52,Cliente 052
53,Cliente 053
54,Cliente 054
55,Cliente 055
56,Cliente 056
57,Cliente 057
58,Cliente 058
59,Cliente 059
60,Cliente 060
61,Cliente 061
62,Cliente 062
63,Cliente 063
64,Cliente 064
65,Cliente 065
66,Cliente 066
67,Cliente 067
68,Cliente 068
69,Cliente 069
70,Cliente 070
71,Cliente 071
72,Cliente 072
73,Cliente 073
74,Cliente 074
75,Cliente 075
76,Cliente 076
77,Cliente 077
78,Cliente 078
79,Cliente 079
80,Cliente 080
81,Cliente 081
82,Cliente 082
83,Cliente 083
84,Cliente 084
85,Cliente 085
86,Cliente 086
87,Cliente 087
88,Cliente 088
89,Cliente 089
90,Cliente 090
91,Cliente 091
92,Cliente 092
93,Cliente 093
94,Cliente 094
95,Cliente 095
96,Cliente 096
97,Cliente 097
98,Cliente 098
99,Cliente 099
100,Cliente 100
