id,contrato_id,data_leitura,valor_kwh
1,1,2025-10-10,184.74
2,1,2025-11-09,139.85
3,1,2025-12-09,173.83
4,1,2026-01-08,150.05
5,2,2025-04-26,101.94
6,2,2025-05-26,86.13
7,2,2025-06-25,178.83
8,2,2025-07-25,195.8
9,2,2025-08-24,137.51
10,2,2025-09-23,156.12
11,2,2025-10-23,164.44
12,2,2025-11-22,183.57
13,2,2025-12-22,119.52
14,2,2026-01-21,156.69
15,3,2025-09-12,193.83
16,3,2025-10-12,240.92
17,3,2025-11-11,108.45
18,3,2025-12-11,158.96
19,3,2026-01-10,149.2
20,4,2025-02-06,715.16
21,4,2025-03-08,558.39
22,4,2025-04-07,642.67
23,4,2025-05-07,710.78
24,4,2025-06-06,866.92
25,4,2025-07-06,731.89
26,4,2025-08-05,927.0
27,4,2025-09-04,671.81
28,4,2025-10-04,701.97
29,4,2025-11-03,1172.7
30,4,2025-12-03,957.42
31,4,2026-01-02,627.34
32,4,2026-02-01,540.39
33,5,2025-02-06,792.33
34,5,2025-03-08,573.55
35,5,2025-04-07,899.95
36,5,2025-05-07,760.58
37,5,2025-06-06,378.02
38,5,2025-07-06,466.36
39,5,2025-08-05,748.43
40,5,2025-09-04,753.31
41,5,2025-10-04,733.97
42,5,2025-11-03,713.69
43,5,2025-12-03,796.68
44,5,2026-01-02,690.08
45,5,2026-02-01,806.13
46,6,2025-10-29,705.52
47,6,2025-11-28,768.51
48,6,2025-12-28,504.52
49,6,2026-01-27,787.48
50,7,2025-02-06,177.55
51,7,2025-03-08,145.15
52,7,2025-04-07,200.16
53,7,2025-05-07,169.63
54,7,2025-06-06,187.02
55,7,2025-07-06,159.28
56,7,2025-08-05,209.97
57,7,2025-09-04,193.04
58,7,2025-10-04,179.57
59,7,2025-11-03,179.01
60,7,2025-12-03,162.74
61,7,2026-01-02,221.28
62,7,2026-02-01,185.94
63,8,2025-07-13,159.04
64,8,2025-08-12,169.17
65,8,2025-09-11,154.49
66,8,2025-10-11,199.76
67,8,2025-11-10,144.8
68,8,2025-12-10,173.5
69,8,2026-01-09,193.37
70,9,2025-02-06,184.19
71,9,2025-03-08,166.04
72,9,2025-04-07,167.07
73,9,2025-05-07,196.64
74,9,2025-06-06,192.11
75,9,2025-07-06,196.97
76,9,2025-08-05,199.23
77,9,2025-09-04,204.33
78,9,2025-10-04,169.74
79,9,2025-11-03,192.26
80,9,2025-12-03,208.7
81,9,2026-01-02,158.71
82,9,2026-02-01,179.0
83,10,2025-02-06,930.52
84,10,2025-03-08,615.76
85,10,2025-04-07,923.77
86,10,2025-05-07,441.12
87,10,2025-06-06,819.08
88,10,2025-07-06,628.63
89,10,2025-08-05,530.48
90,10,2025-09-04,688.85
91,10,2025-10-04,556.97
92,10,2025-11-03,785.19
93,10,2025-12-03,725.19
94,10,2026-01-02,542.27
95,10,2026-02-01,548.8
96,11,2025-08-22,237.19
97,11,2025-09-21,194.11
98,11,2025-10-21,183.13
99,11,2025-11-20,174.52
100,11,2025-12-20,192.03
101,11,2026-01-19,205.48
102,12,2025-04-23,789.2
103,12,2025-05-23,971.94
104,12,2025-06-22,1127.2
105,12,2025-07-22,680.75
106,12,2025-08-21,949.28
107,12,2025-09-20,755.34
108,12,2025-10-20,710.18
109,12,2025-11-19,795.56
110,12,2025-12-19,587.04
111,12,2026-01-18,762.59
112,13,2025-02-22,849.42
113,13,2025-03-24,731.05
114,13,2025-04-23,872.95
115,13,2025-05-23,891.16
116,13,2025-06-22,952.74
117,13,2025-07-22,578.54
118,13,2025-08-21,1124.76
119,13,2025-09-20,1065.43
120,13,2025-10-20,665.2
121,13,2025-11-19,815.17
122,13,2025-12-19,786.86
123,13,2026-01-18,705.41
124,14,2025-10-25,181.18
125,14,2025-11-24,291.58
126,14,2025-12-24,232.1
127,14,2026-01-23,253.97
128,15,2025-02-14,218.79
129,15,2025-03-16,241.72
130,15,2025-04-15,178.17
131,15,2025-05-15,213.27
132,15,2025-06-14,203.93
133,15,2025-07-14,263.24
134,15,2025-08-13,210.39
135,15,2025-09-12,239.71
136,15,2025-10-12,230.53
137,15,2025-11-11,187.83
138,15,2025-12-11,239.24
139,15,2026-01-10,258.94
140,16,2025-02-06,817.14
141,16,2025-03-08,840.66
142,16,2025-04-07,881.09
143,16,2025-05-07,628.36
144,16,2025-06-06,819.3
145,16,2025-07-06,861.49
146,16,2025-08-05,808.76
147,16,2025-09-04,1044.09
148,16,2025-10-04,795.81
149,16,2025-11-03,1053.66
150,16,2025-12-03,959.57
151,16,2026-01-02,1137.47
152,16,2026-02-01,1133.8
153,17,2025-11-13,230.48
154,17,2025-12-13,205.07
155,17,2026-01-12,234.59
156,18,2025-02-06,315.48
157,18,2025-03-08,169.87
158,18,2025-04-07,222.14
159,18,2025-05-07,187.49
160,18,2025-06-06,283.13
161,18,2025-07-06,246.83
162,18,2025-08-05,231.99
163,18,2025-09-04,271.31
164,18,2025-10-04,234.56
165,18,2025-11-03,226.14
166,18,2025-12-03,225.99
167,18,2026-01-02,274.13
168,18,2026-02-01,238.24
169,19,2025-02-06,166.89
170,19,2025-03-08,177.87
171,19,2025-04-07,115.77
172,19,2025-05-07,153.24
173,19,2025-06-06,142.62
174,19,2025-07-06,119.32
175,19,2025-08-05,167.37
176,19,2025-09-04,133.06
177,19,2025-10-04,129.66
178,19,2025-11-03,146.14
179,19,2025-12-03,183.94
180,19,2026-01-02,166.08
181,19,2026-02-01,163.01
182,20,2025-11-22,179.5
183,20,2025-12-22,124.18
184,20,2026-01-21,153.16
185,22,2025-10-21,191.99
186,22,2025-11-20,186.44
187,22,2025-12-20,227.48
188,22,2026-01-19,214.68
189,24,2025-08-19,211.37
190,24,2025-09-18,192.51
191,24,2025-10-18,176.27
192,24,2025-11-17,110.54
193,24,2025-12-17,187.93
194,24,2026-01-16,153.33
195,25,2025-02-06,155.3
196,25,2025-03-08,196.75
197,25,2025-04-07,211.01
198,25,2025-05-07,256.81
199,25,2025-06-06,196.83
200,25,2025-07-06,200.27
201,25,2025-08-05,160.47
202,25,2025-09-04,226.1
203,25,2025-10-04,156.83
204,25,2025-11-03,185.83
205,25,2025-12-03,198.8
206,25,2026-01-02,152.77
207,25,2026-02-01,201.71
208,26,2025-02-06,207.61
209,26,2025-03-08,195.75
210,26,2025-04-07,219.65
211,26,2025-05-07,230.31
212,26,2025-06-06,179.29
213,26,2025-07-06,215.43
214,26,2025-08-05,217.64
215,26,2025-09-04,207.11
216,26,2025-10-04,200.5
217,26,2025-11-03,217.03
218,26,2025-12-03,265.11
219,26,2026-01-02,219.64
220,26,2026-02-01,167.84
221,27,2025-02-06,174.3
222,27,2025-03-08,180.72
223,27,2025-04-07,185.97
224,27,2025-05-07,218.29
225,27,2025-06-06,186.27
226,27,2025-07-06,192.47
227,27,2025-08-05,209.62
228,27,2025-09-04,163.68
229,27,2025-10-04,239.34
230,27,2025-11-03,184.1
231,27,2025-12-03,158.58
232,27,2026-01-02,165.68
233,27,2026-02-01,227.5
234,28,2025-05-27,203.27
235,28,2025-06-26,185.27
236,28,2025-07-26,191.69
237,28,2025-08-25,236.39
238,28,2025-09-24,220.32
239,28,2025-10-24,216.39
240,28,2025-11-23,210.25
241,28,2025-12-23,150.89
242,28,2026-01-22,233.43
243,30,2025-02-06,190.86
244,30,2025-03-08,218.7
245,30,2025-04-07,165.25
246,30,2025-05-07,198.34
247,30,2025-06-06,184.39
248,30,2025-07-06,252.45
249,30,2025-08-05,204.92
250,30,2025-09-04,219.41
251,30,2025-10-04,179.98
252,30,2025-11-03,201.04
253,30,2025-12-03,232.54
254,30,2026-01-02,212.0
255,30,2026-02-01,229.13
256,31,2025-02-06,181.09
257,31,2025-03-08,215.9
258,31,2025-04-07,222.18
259,31,2025-05-07,229.1
260,31,2025-06-06,207.55
261,31,2025-07-06,242.1
262,31,2025-08-05,217.75
263,31,2025-09-04,203.14
264,31,2025-10-04,206.33
265,31,2025-11-03,201.79
266,31,2025-12-03,262.67
267,31,2026-01-02,235.29
268,31,2026-02-01,216.36
269,33,2025-02-06,234.48
270,33,2025-03-08,256.25
271,33,2025-04-07,255.55
272,33,2025-05-07,254.61
273,33,2025-06-06,169.6
274,33,2025-07-06,248.78
275,33,2025-08-05,212.53
276,33,2025-09-04,220.16
277,33,2025-10-04,254.42
278,33,2025-11-03,235.75
279,33,2025-12-03,252.83
280,33,2026-01-02,295.08
281,33,2026-02-01,277.0
282,35,2025-03-16,185.44
283,35,2025-04-15,144.16
284,35,2025-05-15,183.2
285,35,2025-06-14,157.26
286,35,2025-07-14,109.29
287,35,2025-08-13,112.3
288,35,2025-09-12,119.16
289,35,2025-10-12,157.87
290,35,2025-11-11,240.33
291,35,2025-12-11,199.15
292,35,2026-01-10,109.38
293,36,2025-02-06,151.66
294,36,2025-03-08,136.53
295,36,2025-04-07,89.55
296,36,2025-05-07,158.88
297,36,2025-06-06,185.11
298,36,2025-07-06,193.99
299,36,2025-08-05,137.3
300,36,2025-09-04,154.86
301,36,2025-10-04,121.6
302,36,2025-11-03,159.58
303,36,2025-12-03,161.74
304,36,2026-01-02,158.51
305,36,2026-02-01,139.88
306,37,2025-02-06,150.44
307,37,2025-03-08,115.17
308,37,2025-04-07,124.78
309,37,2025-05-07,180.12
310,37,2025-06-06,157.83
311,37,2025-07-06,154.04
312,37,2025-08-05,200.71
313,37,2025-09-04,155.92
314,37,2025-10-04,96.52
315,37,2025-11-03,215.95
316,37,2025-12-03,161.9
317,37,2026-01-02,125.09
318,37,2026-02-01,210.08
319,38,2025-09-12,142.01
320,38,2025-10-12,185.8
321,38,2025-11-11,181.36
322,38,2025-12-11,146.74
323,38,2026-01-10,188.8
324,39,2025-02-06,155.0
325,39,2025-03-08,120.91
326,39,2025-04-07,158.41
327,39,2025-05-07,160.94
328,39,2025-06-06,154.64
329,39,2025-07-06,152.74
330,39,2025-08-05,149.43
331,39,2025-09-04,132.23
332,39,2025-10-04,149.64
333,39,2025-11-03,176.62
334,39,2025-12-03,200.72
335,39,2026-01-02,230.66
336,39,2026-02-01,155.87
337,40,2025-02-06,152.79
338,40,2025-03-08,227.93
339,40,2025-04-07,152.35
340,40,2025-05-07,154.62
341,40,2025-06-06,132.72
342,40,2025-07-06,176.74
343,40,2025-08-05,204.64
344,40,2025-09-04,175.04
345,40,2025-10-04,183.72
346,40,2025-11-03,152.36
347,40,2025-12-03,121.5
348,40,2026-01-02,171.89
349,40,2026-02-01,221.18
350,41,2025-02-06,199.94
351,41,2025-03-08,131.68
352,41,2025-04-07,144.19
353,41,2025-05-07,162.11
354,41,2025-06-06,131.15
355,41,2025-07-06,121.21
356,41,2025-08-05,185.24
357,41,2025-09-04,158.51
358,41,2025-10-04,213.33
359,41,2025-11-03,168.65
360,41,2025-12-03,103.82
361,41,2026-01-02,96.48
362,41,2026-02-01,199.01
363,43,2025-02-06,163.76
364,43,2025-03-08,210.83
365,43,2025-04-07,100.15
366,43,2025-05-07,121.83
367,43,2025-06-06,174.59
368,43,2025-07-06,108.74
369,43,2025-08-05,169.81
370,43,2025-09-04,195.62
371,43,2025-10-04,200.87
372,43,2025-11-03,142.67
373,43,2025-12-03,156.71
374,43,2026-01-02,149.57
375,43,2026-02-01,161.02
376,44,2025-10-12,203.44
377,44,2025-11-11,184.78
378,44,2025-12-11,200.46
379,44,2026-01-10,224.42
380,45,2025-02-06,190.09
381,45,2025-03-08,215.31
382,45,2025-04-07,216.31
383,45,2025-05-07,174.82
384,45,2025-06-06,211.71
385,45,2025-07-06,167.58
386,45,2025-08-05,188.06
387,45,2025-09-04,190.01
388,45,2025-10-04,210.56
389,45,2025-11-03,213.37
390,45,2025-12-03,218.82
391,45,2026-01-02,141.22
392,45,2026-02-01,229.74
393,46,2025-02-06,213.63
394,46,2025-03-08,197.78
395,46,2025-04-07,245.98
396,46,2025-05-07,183.73
397,46,2025-06-06,229.69
398,46,2025-07-06,209.52
399,46,2025-08-05,216.98
400,46,2025-09-04,191.48
401,46,2025-10-04,208.14
402,46,2025-11-03,199.04
403,46,2025-12-03,181.77
404,46,2026-01-02,168.97
405,46,2026-02-01,211.02
406,47,2025-02-06,257.74
407,47,2025-03-08,239.46
408,47,2025-04-07,181.6
409,47,2025-05-07,221.34
410,47,2025-06-06,221.36
411,47,2025-07-06,193.03
412,47,2025-08-05,252.37
413,47,2025-09-04,236.69
414,47,2025-10-04,161.72
415,47,2025-11-03,231.27
416,47,2025-12-03,174.94
417,47,2026-01-02,251.23
418,47,2026-02-01,204.65
419,49,2025-02-06,239.72
420,49,2025-03-08,236.55
421,49,2025-04-07,216.51
422,49,2025-05-07,256.63
423,49,2025-06-06,222.32
424,49,2025-07-06,199.89
425,49,2025-08-05,227.23
426,49,2025-09-04,216.76
427,49,2025-10-04,257.66
428,49,2025-11-03,203.27
429,49,2025-12-03,194.7
430,49,2026-01-02,211.01
431,49,2026-02-01,268.81
432,50,2025-02-06,205.23
433,50,2025-03-08,237.1
434,50,2025-04-07,244.51
435,50,2025-05-07,212.04
436,50,2025-06-06,293.88
437,50,2025-07-06,220.89
438,50,2025-08-05,234.78
439,50,2025-09-04,187.28
440,50,2025-10-04,230.05
441,50,2025-11-03,229.36
442,50,2025-12-03,254.69
443,50,2026-01-02,256.31
444,50,2026-02-01,244.69
445,51,2025-02-06,193.95
446,51,2025-03-08,234.71
447,51,2025-04-07,272.55
448,51,2025-05-07,224.61
449,51,2025-06-06,278.09
450,51,2025-07-06,249.79
451,51,2025-08-05,240.98
452,51,2025-09-04,246.17
453,51,2025-10-04,202.8
454,51,2025-11-03,205.56
455,51,2025-12-03,291.65
456,51,2026-01-02,246.79
457,51,2026-02-01,245.23
458,52,2025-04-07,195.56
459,52,2025-05-07,244.47
460,52,2025-06-06,262.8
461,52,2025-07-06,261.85
462,52,2025-08-05,252.47
463,52,2025-09-04,211.53
464,52,2025-10-04,232.88
465,52,2025-11-03,209.41
466,52,2025-12-03,250.86
467,52,2026-01-02,305.77
468,52,2026-02-01,262.0
469,57,2025-02-06,168.21
470,57,2025-03-08,213.5
471,57,2025-04-07,173.76
472,57,2025-05-07,238.39
473,57,2025-06-06,217.38
474,57,2025-07-06,146.49
475,57,2025-08-05,202.65
476,57,2025-09-04,204.04
477,57,2025-10-04,168.91
478,57,2025-11-03,217.52
479,57,2025-12-03,186.02
480,57,2026-01-02,178.28
481,57,2026-02-01,203.64
482,58,2025-08-29,134.88
483,58,2025-09-28,186.19
484,58,2025-10-28,193.16
485,58,2025-11-27,174.38
486,58,2025-12-27,196.93
487,58,2026-01-26,154.72
488,60,2026-02-01,173.45
489,61,2025-02-06,200.81
490,61,2025-03-08,139.28
491,61,2025-04-07,227.36
492,61,2025-05-07,221.74
493,61,2025-06-06,174.68
494,61,2025-07-06,200.21
495,61,2025-08-05,272.08
496,61,2025-09-04,163.98
497,61,2025-10-04,125.68
498,61,2025-11-03,216.97
499,61,2025-12-03,156.07
500,61,2026-01-02,263.94
501,61,2026-02-01,174.44
502,63,2025-06-01,215.29
503,63,2025-07-01,200.3
504,63,2025-07-31,223.75
505,63,2025-08-30,233.82
506,63,2025-09-29,188.11
507,63,2025-10-29,211.12
508,63,2025-11-28,215.81
509,63,2025-12-28,191.5
510,63,2026-01-27,185.22
511,66,2025-09-26,201.92
512,66,2025-10-26,178.82
513,66,2025-11-25,216.26
514,66,2025-12-25,199.0
515,66,2026-01-24,225.08
516,68,2025-08-16,210.54
517,68,2025-09-15,236.15
518,68,2025-10-15,164.21
519,68,2025-11-14,264.84
520,68,2025-12-14,211.25
521,68,2026-01-13,265.11
522,70,2025-02-06,208.18
523,70,2025-03-08,272.16
524,70,2025-04-07,253.19
525,70,2025-05-07,232.78
526,70,2025-06-06,144.04
527,70,2025-07-06,255.99
528,70,2025-08-05,232.26
529,70,2025-09-04,262.69
530,70,2025-10-04,262.78
531,70,2025-11-03,224.31
532,70,2025-12-03,227.03
533,70,2026-01-02,197.6
534,70,2026-02-01,237.46
535,71,2025-02-06,242.85
536,71,2025-03-08,191.87
537,71,2025-04-07,252.48
538,71,2025-05-07,277.39
539,71,2025-06-06,216.64
540,71,2025-07-06,177.66
541,71,2025-08-05,170.54
542,71,2025-09-04,198.05
543,71,2025-10-04,223.15
544,71,2025-11-03,223.69
545,71,2025-12-03,223.22
546,71,2026-01-02,223.71
547,71,2026-02-01,204.21
548,73,2025-02-06,218.13
549,73,2025-03-08,332.76
550,73,2025-04-07,266.37
551,73,2025-05-07,185.16
552,73,2025-06-06,231.6
553,73,2025-07-06,265.36
554,73,2025-08-05,198.19
555,73,2025-09-04,248.33
556,73,2025-10-04,256.52
557,73,2025-11-03,290.56
558,73,2025-12-03,257.53
559,73,2026-01-02,261.47
560,73,2026-02-01,241.86
561,74,2025-02-06,123.89
562,74,2025-03-08,167.82
563,74,2025-04-07,97.95
564,74,2025-05-07,153.02
565,74,2025-06-06,127.55
566,74,2025-07-06,137.14
567,74,2025-08-05,167.07
568,74,2025-09-04,137.38
569,74,2025-10-04,152.57
570,74,2025-11-03,115.91
571,74,2025-12-03,111.24
572,74,2026-01-02,140.86
573,74,2026-02-01,142.29
574,75,2025-06-16,140.51
575,75,2025-07-16,145.89
576,75,2025-08-15,160.75
577,75,2025-09-14,112.94
578,75,2025-10-14,155.62
579,75,2025-11-13,163.72
580,75,2025-12-13,131.59
581,75,2026-01-12,180.06
582,76,2026-01-11,176.71
583,77,2025-02-06,98.29
584,77,2025-03-08,211.72
585,77,2025-04-07,177.38
586,77,2025-05-07,140.22
587,77,2025-06-06,139.08
588,77,2025-07-06,171.07
589,77,2025-08-05,98.36
590,77,2025-09-04,151.13
591,77,2025-10-04,208.02
592,77,2025-11-03,148.39
593,77,2025-12-03,149.91
594,77,2026-01-02,175.45
595,77,2026-02-01,146.89
596,78,2025-02-06,137.7
597,78,2025-03-08,140.88
598,78,2025-04-07,204.45
599,78,2025-05-07,196.5
600,78,2025-06-06,214.18
601,78,2025-07-06,162.46
602,78,2025-08-05,161.15
603,78,2025-09-04,172.94
604,78,2025-10-04,219.43
605,78,2025-11-03,177.22
606,78,2025-12-03,147.01
607,78,2026-01-02,167.59
608,78,2026-02-01,165.36
609,80,2025-11-21,214.63
610,80,2025-12-21,167.95
611,80,2026-01-20,207.88
612,81,2025-04-22,235.24
613,81,2025-05-22,154.94
614,81,2025-06-21,170.26
615,81,2025-07-21,206.48
616,81,2025-08-20,233.69
617,81,2025-09-19,146.35
618,81,2025-10-19,130.13
619,81,2025-11-18,197.97
620,81,2025-12-18,182.17
621,81,2026-01-17,186.6
622,82,2025-02-06,211.38
623,82,2025-03-08,250.05
624,82,2025-04-07,228.01
625,82,2025-05-07,204.72
626,82,2025-06-06,175.26
627,82,2025-07-06,209.92
628,82,2025-08-05,182.39
629,82,2025-09-04,231.5
630,82,2025-10-04,207.6
631,82,2025-11-03,255.69
632,82,2025-12-03,203.39
633,82,2026-01-02,258.9
634,82,2026-02-01,210.57
635,83,2025-02-06,229.31
636,83,2025-03-08,183.03
637,83,2025-04-07,154.73
638,83,2025-05-07,224.49
639,83,2025-06-06,245.83
640,83,2025-07-06,241.89
641,83,2025-08-05,206.7
642,83,2025-09-04,214.37
643,83,2025-10-04,170.94
644,83,2025-11-03,182.91
645,83,2025-12-03,196.02
646,83,2026-01-02,180.02
647,83,2026-02-01,181.42
648,85,2025-07-22,180.85
649,85,2025-08-21,202.11
650,85,2025-09-20,251.06
651,85,2025-10-20,224.98
652,85,2025-11-19,172.67
653,85,2025-12-19,216.02
654,85,2026-01-18,216.92
655,86,2025-02-06,177.18
656,86,2025-03-08,272.22
657,86,2025-04-07,192.35
658,86,2025-05-07,231.48
659,86,2025-06-06,203.74
660,86,2025-07-06,198.12
661,86,2025-08-05,203.53
662,86,2025-09-04,242.77
663,86,2025-10-04,219.44
664,86,2025-11-03,217.49
665,86,2025-12-03,177.99
666,86,2026-01-02,248.35
667,86,2026-02-01,253.3
668,87,2025-02-06,199.76
669,87,2025-03-08,239.16
670,87,2025-04-07,194.12
671,87,2025-05-07,239.29
672,87,2025-06-06,192.43
673,87,2025-07-06,184.89
674,87,2025-08-05,241.53
675,87,2025-09-04,167.2
676,87,2025-10-04,149.11
677,87,2025-11-03,248.85
678,87,2025-12-03,266.43
679,87,2026-01-02,193.36
680,87,2026-02-01,204.95
681,88,2025-12-08,213.65
682,88,2026-01-07,213.48
683,89,2025-10-24,239.09
684,89,2025-11-23,225.63
685,89,2025-12-23,269.57
686,89,2026-01-22,191.36
687,91,2025-10-13,185.66
688,91,2025-11-12,239.17
689,91,2025-12-12,187.47
690,91,2026-01-11,173.48
691,92,2025-02-06,249.56
692,92,2025-03-08,217.06
693,92,2025-04-07,234.07
694,92,2025-05-07,251.54
695,92,2025-06-06,258.18
696,92,2025-07-06,202.56
697,92,2025-08-05,241.67
698,92,2025-09-04,237.38
699,92,2025-10-04,202.6
700,92,2025-11-03,241.84
701,92,2025-12-03,224.84
702,92,2026-01-02,230.34
703,92,2026-02-01,248.21
704,93,2025-07-29,163.39
705,93,2025-08-28,145.45
706,93,2025-09-27,111.49
707,93,2025-10-27,186.04
708,93,2025-11-26,183.28
709,93,2025-12-26,141.4
710,93,2026-01-25,89.67
711,96,2025-10-24,154.12
712,96,2025-11-23,154.29
713,96,2025-12-23,163.76
714,96,2026-01-22,155.95
715,99,2025-08-15,128.37
716,99,2025-09-14,194.15
717,99,2025-10-14,167.37
718,99,2025-11-13,148.54
719,99,2025-12-13,149.82
720,99,2026-01-12,191.67
721,101,2025-12-03,182.28
722,101,2026-01-02,213.8
723,101,2026-02-01,165.89
724,102,2025-02-06,245.7
725,102,2025-03-08,245.12
726,102,2025-04-07,174.53
727,102,2025-05-07,209.14
728,102,2025-06-06,190.8
729,102,2025-07-06,219.45
730,102,2025-08-05,160.6
731,102,2025-09-04,219.54
732,102,2025-10-04,150.4
733,102,2025-11-03,214.85
734,102,2025-12-03,199.51
735,102,2026-01-02,205.11
736,102,2026-02-01,208.9
737,103,2025-04-15,233.95
738,103,2025-05-15,184.8
739,103,2025-06-14,245.07
740,103,2025-07-14,177.34
741,103,2025-08-13,230.32
742,103,2025-09-12,249.34
743,103,2025-10-12,257.68
744,103,2025-11-11,200.37
745,103,2025-12-11,246.56
746,103,2026-01-10,214.12
747,104,2025-02-06,185.02
748,104,2025-03-08,257.95
749,104,2025-04-07,205.16
750,104,2025-05-07,176.7
751,104,2025-06-06,221.95
752,104,2025-07-06,183.14
753,104,2025-08-05,203.56
754,104,2025-09-04,228.31
755,104,2025-10-04,203.05
756,104,2025-11-03,275.6
757,104,2025-12-03,190.02
758,104,2026-01-02,291.68
759,104,2026-02-01,205.45
760,105,2025-08-27,252.18
761,105,2025-09-26,287.74
762,105,2025-10-26,245.27
763,105,2025-11-25,219.6
764,105,2025-12-25,195.4
765,105,2026-01-24,259.77
766,107,2025-02-06,197.61
767,107,2025-03-08,274.24
768,107,2025-04-07,258.17
769,107,2025-05-07,197.28
770,107,2025-06-06,238.08
771,107,2025-07-06,253.59
772,107,2025-08-05,253.01
773,107,2025-09-04,214.0
774,107,2025-10-04,240.03
775,107,2025-11-03,227.15
776,107,2025-12-03,220.85
777,107,2026-01-02,290.61
778,107,2026-02-01,228.51
779,108,2025-03-17,197.71
780,108,2025-04-16,213.26
781,108,2025-05-16,252.57
782,108,2025-06-15,179.14
783,108,2025-07-15,236.79
784,108,2025-08-14,220.27
785,108,2025-09-13,240.71
786,108,2025-10-13,208.87
787,108,2025-11-12,248.25
788,108,2025-12-12,212.61
789,108,2026-01-11,193.47
790,109,2025-02-06,197.52
791,109,2025-03-08,245.92
792,109,2025-04-07,191.43
793,109,2025-05-07,203.66
794,109,2025-06-06,264.8
795,109,2025-07-06,249.88
796,109,2025-08-05,222.26
797,109,2025-09-04,237.65
798,109,2025-10-04,219.54
799,109,2025-11-03,193.83
800,109,2025-12-03,221.02
801,109,2026-01-02,198.16
802,109,2026-02-01,234.56
803,110,2025-08-24,278.36
804,110,2025-09-23,201.76
805,110,2025-10-23,263.85
806,110,2025-11-22,226.01
807,110,2025-12-22,242.29
808,110,2026-01-21,213.66
809,111,2025-02-06,258.79
810,111,2025-03-08,261.61
811,111,2025-04-07,222.63
812,111,2025-05-07,270.65
813,111,2025-06-06,189.02
814,111,2025-07-06,249.87
815,111,2025-08-05,223.66
816,111,2025-09-04,262.41
817,111,2025-10-04,213.65
818,111,2025-11-03,225.12
819,111,2025-12-03,241.67
820,111,2026-01-02,239.59
821,111,2026-02-01,219.66
822,112,2025-07-26,250.13
823,112,2025-08-25,203.26
824,112,2025-09-24,266.34
825,112,2025-10-24,294.55
826,112,2025-11-23,250.33
827,112,2025-12-23,186.74
828,112,2026-01-22,244.18
829,115,2025-02-06,169.42
830,115,2025-03-08,130.58
831,115,2025-04-07,120.99
832,115,2025-05-07,180.42
833,115,2025-06-06,120.82
834,115,2025-07-06,150.48
835,115,2025-08-05,216.23
836,115,2025-09-04,139.03
837,115,2025-10-04,213.07
838,115,2025-11-03,171.74
839,115,2025-12-03,182.82
840,115,2026-01-02,122.05
841,115,2026-02-01,181.37
842,116,2025-12-23,187.69
843,116,2026-01-22,63.68
844,117,2025-02-06,158.15
845,117,2025-03-08,127.15
846,117,2025-04-07,161.52
847,117,2025-05-07,178.41
848,117,2025-06-06,181.66
849,117,2025-07-06,175.04
850,117,2025-08-05,179.62
851,117,2025-09-04,98.08
852,117,2025-10-04,206.12
853,117,2025-11-03,195.35
854,117,2025-12-03,166.83
855,117,2026-01-02,185.6
856,117,2026-02-01,133.13
857,118,2025-02-06,159.11
858,118,2025-03-08,138.24
859,118,2025-04-07,165.39
860,118,2025-05-07,192.75
861,118,2025-06-06,196.56
862,118,2025-07-06,107.34
863,118,2025-08-05,209.93
864,118,2025-09-04,136.89
865,118,2025-10-04,189.94
866,118,2025-11-03,176.4
867,118,2025-12-03,187.21
868,118,2026-01-02,152.18
869,118,2026-02-01,153.69
870,119,2025-07-07,233.68
871,119,2025-08-06,136.06
872,119,2025-09-05,197.53
873,119,2025-10-05,167.52
874,119,2025-11-04,179.68
875,119,2025-12-04,174.16
876,119,2026-01-03,208.98
877,120,2025-03-17,176.74
878,120,2025-04-16,195.33
879,120,2025-05-16,195.13
880,120,2025-06-15,217.81
881,120,2025-07-15,145.61
882,120,2025-08-14,168.37
883,120,2025-09-13,200.37
884,120,2025-10-13,139.96
885,120,2025-11-12,201.11
886,120,2025-12-12,202.08
887,120,2026-01-11,184.98
888,121,2025-09-20,195.15
889,121,2025-10-20,212.24
890,121,2025-11-19,220.07
891,121,2025-12-19,172.36
892,121,2026-01-18,173.63
893,122,2025-03-31,172.9
894,122,2025-04-30,198.31
895,122,2025-05-30,241.71
896,122,2025-06-29,244.32
897,122,2025-07-29,230.62
898,122,2025-08-28,168.0
899,122,2025-09-27,154.24
900,122,2025-10-27,172.21
901,122,2025-11-26,206.15
902,122,2025-12-26,194.06
903,122,2026-01-25,192.63
904,123,2026-01-23,205.34
905,124,2025-10-22,208.3
906,124,2025-11-21,240.35
907,124,2025-12-21,200.04
908,124,2026-01-20,222.27
909,125,2025-06-28,167.73
910,125,2025-07-28,202.5
911,125,2025-08-27,241.16
912,125,2025-09-26,216.67
913,125,2025-10-26,231.24
914,125,2025-11-25,223.98
915,125,2025-12-25,177.89
916,125,2026-01-24,238.89
917,127,2025-05-27,229.1
918,127,2025-06-26,265.91
919,127,2025-07-26,196.47
920,127,2025-08-25,207.14
921,127,2025-09-24,245.12
922,127,2025-10-24,252.23
923,127,2025-11-23,196.0
924,127,2025-12-23,260.9
925,127,2026-01-22,228.02
926,129,2025-03-29,239.71
927,129,2025-04-28,206.73
928,129,2025-05-28,214.47
929,129,2025-06-27,272.32
930,129,2025-07-27,191.3
931,129,2025-08-26,203.87
932,129,2025-09-25,251.92
933,129,2025-10-25,234.52
934,129,2025-11-24,210.69
935,129,2025-12-24,270.29
936,129,2026-01-23,202.53
937,130,2025-02-06,275.22
938,130,2025-03-08,257.16
939,130,2025-04-07,227.52
940,130,2025-05-07,226.27
941,130,2025-06-06,167.35
942,130,2025-07-06,229.8
943,130,2025-08-05,249.76
944,130,2025-09-04,205.65
945,130,2025-10-04,281.33
946,130,2025-11-03,277.42
947,130,2025-12-03,246.08
948,130,2026-01-02,228.47
949,130,2026-02-01,227.76
950,132,2025-02-06,149.51
951,132,2025-03-08,194.46
952,132,2025-04-07,148.88
953,132,2025-05-07,108.32
954,132,2025-06-06,196.64
955,132,2025-07-06,135.77
956,132,2025-08-05,116.23
957,132,2025-09-04,140.8
958,132,2025-10-04,142.5
959,132,2025-11-03,108.17
960,132,2025-12-03,75.26
961,132,2026-01-02,153.9
962,132,2026-02-01,161.19
963,133,2025-09-17,195.11
964,133,2025-10-17,131.82
965,133,2025-11-16,135.07
966,133,2025-12-16,137.83
967,133,2026-01-15,202.56
968,134,2025-02-06,140.6
969,134,2025-03-08,122.93
970,134,2025-04-07,162.02
971,134,2025-05-07,201.97
972,134,2025-06-06,141.63
973,134,2025-07-06,171.81
974,134,2025-08-05,179.48
975,134,2025-09-04,167.19
976,134,2025-10-04,220.67
977,134,2025-11-03,112.09
978,134,2025-12-03,178.69
979,134,2026-01-02,172.23
980,134,2026-02-01,180.65
981,135,2025-02-06,146.55
982,135,2025-03-08,178.21
983,135,2025-04-07,134.84
984,135,2025-05-07,177.03
985,135,2025-06-06,141.74
986,135,2025-07-06,189.07
987,135,2025-08-05,161.63
988,135,2025-09-04,233.02
989,135,2025-10-04,125.8
990,135,2025-11-03,151.02
991,135,2025-12-03,129.56
992,135,2026-01-02,108.09
993,135,2026-02-01,228.5
994,136,2025-02-15,129.93
995,136,2025-03-17,190.77
996,136,2025-04-16,199.81
997,136,2025-05-16,132.14
998,136,2025-06-15,205.89
999,136,2025-07-15,168.35
1000,136,2025-08-14,163.12
1001,136,2025-09-13,188.08
1002,136,2025-10-13,200.35
1003,136,2025-11-12,174.28
1004,136,2025-12-12,194.16
1005,136,2026-01-11,133.84
1006,137,2025-05-07,155.48
1007,137,2025-06-06,176.95
1008,137,2025-07-06,154.02
1009,137,2025-08-05,109.74
1010,137,2025-09-04,177.08
1011,137,2025-10-04,130.62
1012,137,2025-11-03,106.56
1013,137,2025-12-03,198.33
1014,137,2026-01-02,161.49
1015,137,2026-02-01,136.68
1016,139,2025-12-11,185.05
1017,139,2026-01-10,178.46
1018,140,2025-04-24,153.7
1019,140,2025-05-24,204.87
1020,140,2025-06-23,187.3
1021,140,2025-07-23,168.76
1022,140,2025-08-22,205.31
1023,140,2025-09-21,197.79
1024,140,2025-10-21,154.56
1025,140,2025-11-20,188.58
1026,140,2025-12-20,172.95
1027,140,2026-01-19,156.61
1028,141,2025-02-25,156.77
1029,141,2025-03-27,175.83
1030,141,2025-04-26,182.75
1031,141,2025-05-26,189.81
1032,141,2025-06-25,225.17
1033,141,2025-07-25,219.22
1034,141,2025-08-24,161.84
1035,141,2025-09-23,216.51
1036,141,2025-10-23,168.95
1037,141,2025-11-22,179.59
1038,141,2025-12-22,140.39
1039,141,2026-01-21,194.24
1040,142,2025-05-09,194.2
1041,142,2025-06-08,226.28
1042,142,2025-07-08,259.51
1043,142,2025-08-07,181.6
1044,142,2025-09-06,232.99
1045,142,2025-10-06,231.69
1046,142,2025-11-05,208.21
1047,142,2025-12-05,216.48
1048,142,2026-01-04,211.77
1049,143,2025-02-06,182.14
1050,143,2025-03-08,219.78
1051,143,2025-04-07,165.37
1052,143,2025-05-07,189.81
1053,143,2025-06-06,196.88
1054,143,2025-07-06,233.22
1055,143,2025-08-05,216.54
1056,143,2025-09-04,194.02
1057,143,2025-10-04,193.01
1058,143,2025-11-03,201.63
1059,143,2025-12-03,189.22
1060,143,2026-01-02,200.25
1061,143,2026-02-01,242.42
1062,144,2025-02-06,202.19
1063,144,2025-03-08,189.1
1064,144,2025-04-07,197.98
1065,144,2025-05-07,200.27
1066,144,2025-06-06,252.27
1067,144,2025-07-06,182.14
1068,144,2025-08-05,237.04
1069,144,2025-09-04,205.08
1070,144,2025-10-04,196.73
1071,144,2025-11-03,157.32
1072,144,2025-12-03,151.77
1073,144,2026-01-02,156.39
1074,144,2026-02-01,157.19
1075,146,2025-09-02,241.12
1076,146,2025-10-02,178.79
1077,146,2025-11-01,221.56
1078,146,2025-12-01,168.04
1079,146,2025-12-31,219.7
1080,146,2026-01-30,257.92
1081,147,2025-02-06,214.47
1082,147,2025-03-08,247.64
1083,147,2025-04-07,238.65
1084,147,2025-05-07,227.54
1085,147,2025-06-06,278.57
1086,147,2025-07-06,121.98
1087,147,2025-08-05,207.22
1088,147,2025-09-04,248.34
1089,147,2025-10-04,235.85
1090,147,2025-11-03,167.25
1091,147,2025-12-03,136.39
1092,147,2026-01-02,252.01
1093,147,2026-02-01,239.12
1094,148,2025-09-03,210.87
1095,148,2025-10-03,210.55
1096,148,2025-11-02,275.72
1097,148,2025-12-02,218.06
1098,148,2026-01-01,243.85
1099,148,2026-01-31,217.93
1100,149,2025-03-23,221.81
1101,149,2025-04-22,266.97
1102,149,2025-05-22,228.3
1103,149,2025-06-21,265.66
1104,149,2025-07-21,234.98
1105,149,2025-08-20,244.84
1106,149,2025-09-19,233.15
1107,149,2025-10-19,240.73
1108,149,2025-11-18,252.52
1109,149,2025-12-18,253.5
1110,149,2026-01-17,282.13
1111,150,2025-02-06,240.54
1112,150,2025-03-08,239.74
1113,150,2025-04-07,259.05
1114,150,2025-05-07,227.94
1115,150,2025-06-06,240.79
1116,150,2025-07-06,205.85
1117,150,2025-08-05,201.0
1118,150,2025-09-04,244.12
1119,150,2025-10-04,239.88
1120,150,2025-11-03,198.4
1121,150,2025-12-03,187.02
1122,150,2026-01-02,285.87
1123,150,2026-02-01,254.63
1124,151,2025-02-06,103.11
1125,151,2025-03-08,112.82
1126,151,2025-04-07,168.15
1127,151,2025-05-07,137.15
1128,151,2025-06-06,89.26
1129,151,2025-07-06,110.27
1130,151,2025-08-05,184.38
1131,151,2025-09-04,153.92
1132,151,2025-10-04,147.81
1133,151,2025-11-03,171.13
1134,151,2025-12-03,134.27
1135,151,2026-01-02,125.95
1136,151,2026-02-01,170.92
1137,155,2025-02-06,164.66
1138,155,2025-03-08,175.98
1139,155,2025-04-07,174.83
1140,155,2025-05-07,227.92
1141,155,2025-06-06,181.95
1142,155,2025-07-06,188.1
1143,155,2025-08-05,190.58
1144,155,2025-09-04,92.7
1145,155,2025-10-04,159.29
1146,155,2025-11-03,183.18
1147,155,2025-12-03,162.0
1148,155,2026-01-02,115.73
1149,155,2026-02-01,123.15
1150,156,2025-02-26,220.78
1151,156,2025-03-28,219.05
1152,156,2025-04-27,143.61
1153,156,2025-05-27,183.52
1154,156,2025-06-26,127.69
1155,156,2025-07-26,114.72
1156,156,2025-08-25,186.02
1157,156,2025-09-24,225.25
1158,156,2025-10-24,187.68
1159,156,2025-11-23,264.49
1160,156,2025-12-23,194.24
1161,156,2026-01-22,175.95
1162,158,2025-05-23,147.29
1163,158,2025-06-22,124.08
1164,158,2025-07-22,198.39
1165,158,2025-08-21,183.3
1166,158,2025-09-20,173.64
1167,158,2025-10-20,200.62
1168,158,2025-11-19,139.79
1169,158,2025-12-19,168.31
1170,158,2026-01-18,230.27
1171,159,2025-10-14,200.42
1172,159,2025-11-13,179.55
1173,159,2025-12-13,237.09
1174,159,2026-01-12,205.74
1175,161,2025-06-19,186.22
1176,161,2025-07-19,213.71
1177,161,2025-08-18,173.46
1178,161,2025-09-17,205.27
1179,161,2025-10-17,204.35
1180,161,2025-11-16,203.74
1181,161,2025-12-16,157.2
1182,161,2026-01-15,175.54
1183,162,2025-02-08,172.28
1184,162,2025-03-10,222.03
1185,162,2025-04-09,241.13
1186,162,2025-05-09,151.29
1187,162,2025-06-08,202.78
1188,162,2025-07-08,222.52
1189,162,2025-08-07,249.06
1190,162,2025-09-06,217.53
1191,162,2025-10-06,203.72
1192,162,2025-11-05,133.53
1193,162,2025-12-05,212.57
1194,162,2026-01-04,211.59
1195,163,2025-06-13,212.74
1196,163,2025-07-13,208.68
1197,163,2025-08-12,189.57
1198,163,2025-09-11,289.96
1199,163,2025-10-11,232.08
1200,163,2025-11-10,217.19
1201,163,2025-12-10,154.62
1202,163,2026-01-09,149.37
1203,164,2025-07-19,238.66
1204,164,2025-08-18,210.88
1205,164,2025-09-17,179.94
1206,164,2025-10-17,199.92
1207,164,2025-11-16,240.13
1208,164,2025-12-16,218.28
1209,164,2026-01-15,218.47
1210,166,2025-04-22,268.06
1211,166,2025-05-22,191.81
1212,166,2025-06-21,187.85
1213,166,2025-07-21,245.71
1214,166,2025-08-20,205.78
1215,166,2025-09-19,194.52
1216,166,2025-10-19,222.1
1217,166,2025-11-18,237.9
1218,166,2025-12-18,210.21
1219,166,2026-01-17,234.32
1220,167,2025-02-06,185.69
1221,167,2025-03-08,163.07
1222,167,2025-04-07,191.17
1223,167,2025-05-07,226.18
1224,167,2025-06-06,222.67
1225,167,2025-07-06,162.29
1226,167,2025-08-05,234.75
1227,167,2025-09-04,197.45
1228,167,2025-10-04,228.05
1229,167,2025-11-03,159.72
1230,167,2025-12-03,223.66
1231,167,2026-01-02,227.08
1232,167,2026-02-01,204.01
1233,168,2025-02-06,305.59
1234,168,2025-03-08,197.63
1235,168,2025-04-07,200.89
1236,168,2025-05-07,192.55
1237,168,2025-06-06,218.92
1238,168,2025-07-06,246.77
1239,168,2025-08-05,178.7
1240,168,2025-09-04,195.17
1241,168,2025-10-04,271.08
1242,168,2025-11-03,230.02
1243,168,2025-12-03,197.43
1244,168,2026-01-02,203.33
1245,168,2026-02-01,207.51
1246,169,2026-01-04,219.25
1247,170,2025-08-03,238.16
1248,170,2025-09-02,164.94
1249,170,2025-10-02,255.06
1250,170,2025-11-01,262.19
1251,170,2025-12-01,278.84
1252,170,2025-12-31,268.21
1253,170,2026-01-30,247.6
1254,171,2025-05-06,197.75
1255,171,2025-06-05,274.05
1256,171,2025-07-05,239.3
1257,171,2025-08-04,179.04
1258,171,2025-09-03,262.28
1259,171,2025-10-03,192.23
1260,171,2025-11-02,196.87
1261,171,2025-12-02,269.04
1262,171,2026-01-01,207.99
1263,171,2026-01-31,237.87
1264,172,2025-02-06,262.44
1265,172,2025-03-08,221.23
1266,172,2025-04-07,198.7
1267,172,2025-05-07,244.41
1268,172,2025-06-06,169.85
1269,172,2025-07-06,248.52
1270,172,2025-08-05,194.83
1271,172,2025-09-04,249.41
1272,172,2025-10-04,229.79
1273,172,2025-11-03,284.34
1274,172,2025-12-03,210.97
1275,172,2026-01-02,213.49
1276,172,2026-02-01,201.53
1277,173,2025-03-17,275.1
1278,173,2025-04-16,211.38
1279,173,2025-05-16,226.72
1280,173,2025-06-15,195.69
1281,173,2025-07-15,288.13
1282,173,2025-08-14,233.44
1283,173,2025-09-13,178.73
1284,173,2025-10-13,237.36
1285,173,2025-11-12,252.87
1286,173,2025-12-12,224.87
1287,173,2026-01-11,245.49
1288,174,2025-02-06,245.96
1289,174,2025-03-08,218.2
1290,174,2025-04-07,284.98
1291,174,2025-05-07,298.3
1292,174,2025-06-06,305.66
1293,174,2025-07-06,269.38
1294,174,2025-08-05,250.37
1295,174,2025-09-04,238.79
1296,174,2025-10-04,234.64
1297,174,2025-11-03,258.29
1298,174,2025-12-03,252.96
1299,174,2026-01-02,185.61
1300,174,2026-02-01,293.87
1301,175,2025-07-22,114.31
1302,175,2025-08-21,162.89
1303,175,2025-09-20,204.69
1304,175,2025-10-20,156.6
1305,175,2025-11-19,201.65
1306,175,2025-12-19,191.49
1307,175,2026-01-18,164.32
1308,176,2025-02-06,233.69
1309,176,2025-03-08,152.02
1310,176,2025-04-07,143.91
1311,176,2025-05-07,213.8
1312,176,2025-06-06,90.62
1313,176,2025-07-06,146.02
1314,176,2025-08-05,110.62
1315,176,2025-09-04,156.82
1316,176,2025-10-04,96.04
1317,176,2025-11-03,161.09
1318,176,2025-12-03,152.42
1319,176,2026-01-02,141.91
1320,176,2026-02-01,176.49
1321,178,2025-02-06,27.07
1322,178,2025-03-08,28.43
1323,178,2025-04-07,32.27
1324,178,2025-05-07,34.66
1325,178,2025-06-06,18.81
1326,178,2025-07-06,23.41
1327,178,2025-08-05,26.46
1328,178,2025-09-04,30.39
1329,178,2025-10-04,47.41
1330,178,2025-11-03,27.77
1331,178,2025-12-03,18.39
1332,178,2026-01-02,31.19
1333,178,2026-02-01,22.83
1334,179,2025-02-06,35.22
1335,179,2025-03-08,28.62
1336,179,2025-04-07,45.51
1337,179,2025-05-07,30.64
1338,179,2025-06-06,23.5
1339,179,2025-07-06,24.47
1340,179,2025-08-05,50.98
1341,179,2025-09-04,28.36
1342,179,2025-10-04,52.96
1343,179,2025-11-03,15.75
1344,179,2025-12-03,26.7
1345,179,2026-01-02,19.77
1346,179,2026-02-01,33.4
1347,180,2025-02-06,33.97
1348,180,2025-03-08,21.96
1349,180,2025-04-07,29.12
1350,180,2025-05-07,28.02
1351,180,2025-06-06,43.02
1352,180,2025-07-06,31.78
1353,180,2025-08-05,25.36
1354,180,2025-09-04,35.41
1355,180,2025-10-04,19.23
1356,180,2025-11-03,31.73
1357,180,2025-12-03,27.37
1358,180,2026-01-02,14.6
1359,180,2026-02-01,20.7
1360,181,2025-02-28,136.48
1361,181,2025-03-30,216.24
1362,181,2025-04-29,160.32
1363,181,2025-05-29,175.29
1364,181,2025-06-28,100.77
1365,181,2025-07-28,170.95
1366,181,2025-08-27,184.77
1367,181,2025-09-26,172.3
1368,181,2025-10-26,113.7
1369,181,2025-11-25,196.16
1370,181,2025-12-25,129.45
1371,181,2026-01-24,184.44
1372,183,2025-03-31,137.81
1373,183,2025-04-30,192.91
1374,183,2025-05-30,153.29
1375,183,2025-06-29,205.92
1376,183,2025-07-29,141.76
1377,183,2025-08-28,153.2
1378,183,2025-09-27,158.42
1379,183,2025-10-27,164.08
1380,183,2025-11-26,227.92
1381,183,2025-12-26,205.2
1382,183,2026-01-25,192.81
1383,184,2025-02-06,46.52
1384,184,2025-03-08,17.31
1385,184,2025-04-07,48.56
1386,184,2025-05-07,24.26
1387,184,2025-06-06,22.23
1388,184,2025-07-06,12.1
1389,184,2025-08-05,33.9
1390,184,2025-09-04,33.02
1391,184,2025-10-04,40.81
1392,184,2025-11-03,44.35
1393,184,2025-12-03,43.3
1394,184,2026-01-02,41.2
1395,184,2026-02-01,39.43
1396,185,2025-02-06,37.5
1397,185,2025-03-08,30.69
1398,185,2025-04-07,38.81
1399,185,2025-05-07,37.15
1400,185,2025-06-06,24.29
1401,185,2025-07-06,29.51
1402,185,2025-08-05,32.52
1403,185,2025-09-04,18.5
1404,185,2025-10-04,24.66
1405,185,2025-11-03,62.62
1406,185,2025-12-03,14.8
1407,185,2026-01-02,31.57
1408,185,2026-02-01,25.3
1409,186,2025-09-24,19.44
1410,186,2025-10-24,25.39
1411,186,2025-11-23,47.9
1412,186,2025-12-23,52.98
1413,186,2026-01-22,35.38
1414,187,2025-02-06,180.71
1415,187,2025-03-08,209.09
1416,187,2025-04-07,188.78
1417,187,2025-05-07,159.48
1418,187,2025-06-06,184.65
1419,187,2025-07-06,205.39
1420,187,2025-08-05,166.39
1421,187,2025-09-04,209.02
1422,187,2025-10-04,208.77
1423,187,2025-11-03,257.73
1424,187,2025-12-03,214.56
1425,187,2026-01-02,193.06
1426,187,2026-02-01,224.94
1427,188,2025-08-07,144.85
1428,188,2025-09-06,233.79
1429,188,2025-10-06,174.38
1430,188,2025-11-05,203.34
1431,188,2025-12-05,229.91
1432,188,2026-01-04,203.71
1433,189,2025-03-30,206.32
1434,189,2025-04-29,175.35
1435,189,2025-05-29,153.18
1436,189,2025-06-28,181.88
1437,189,2025-07-28,189.39
1438,189,2025-08-27,177.18
1439,189,2025-09-26,186.8
1440,189,2025-10-26,164.89
1441,189,2025-11-25,219.32
1442,189,2025-12-25,168.16
1443,189,2026-01-24,205.1
1444,190,2025-03-27,37.6
1445,190,2025-04-26,18.37
1446,190,2025-05-26,16.81
1447,190,2025-06-25,37.48
1448,190,2025-07-25,33.69
1449,190,2025-08-24,39.82
1450,190,2025-09-23,20.3
1451,190,2025-10-23,18.13
1452,190,2025-11-22,42.37
1453,190,2025-12-22,50.74
1454,190,2026-01-21,41.3
1455,191,2025-02-06,224.21
1456,191,2025-03-08,201.21
1457,191,2025-04-07,212.1
1458,191,2025-05-07,209.08
1459,191,2025-06-06,218.45
1460,191,2025-07-06,137.38
1461,191,2025-08-05,187.17
1462,191,2025-09-04,234.12
1463,191,2025-10-04,214.31
1464,191,2025-11-03,217.52
1465,191,2025-12-03,192.93
1466,191,2026-01-02,257.15
1467,191,2026-02-01,232.1
1468,192,2025-03-09,212.91
1469,192,2025-04-08,245.86
1470,192,2025-05-08,199.45
1471,192,2025-06-07,211.15
1472,192,2025-07-07,261.83
1473,192,2025-08-06,191.58
1474,192,2025-09-05,200.15
1475,192,2025-10-05,159.61
1476,192,2025-11-04,226.17
1477,192,2025-12-04,191.09
1478,192,2026-01-03,199.86
1479,193,2025-02-06,65.72
1480,193,2025-03-08,20.74
1481,193,2025-04-07,45.92
1482,193,2025-05-07,25.87
1483,193,2025-06-06,17.35
1484,193,2025-07-06,37.1
1485,193,2025-08-05,60.22
1486,193,2025-09-04,39.21
1487,193,2025-10-04,34.23
1488,193,2025-11-03,37.23
1489,193,2025-12-03,57.6
1490,193,2026-01-02,59.04
1491,193,2026-02-01,46.39
1492,194,2025-02-06,52.13
1493,194,2025-03-08,64.33
1494,194,2025-04-07,79.64
1495,194,2025-05-07,56.71
1496,194,2025-06-06,36.27
1497,194,2025-07-06,47.0
1498,194,2025-08-05,45.65
1499,194,2025-09-04,19.26
1500,194,2025-10-04,50.5
1501,194,2025-11-03,56.56
1502,194,2025-12-03,43.04
1503,194,2026-01-02,54.45
1504,194,2026-02-01,32.44
1505,195,2025-08-12,238.42
1506,195,2025-09-11,214.24
1507,195,2025-10-11,212.56
1508,195,2025-11-10,224.02
1509,195,2025-12-10,287.84
1510,195,2026-01-09,171.79
1511,196,2025-04-17,202.27
1512,196,2025-05-17,262.62
1513,196,2025-06-16,264.55
1514,196,2025-07-16,285.15
1515,196,2025-08-15,248.73
1516,196,2025-09-14,181.75
1517,196,2025-10-14,208.63
1518,196,2025-11-13,200.51
1519,196,2025-12-13,175.31
1520,196,2026-01-12,260.64
1521,197,2025-02-06,192.86
1522,197,2025-03-08,247.3
1523,197,2025-04-07,213.91
1524,197,2025-05-07,257.94
1525,197,2025-06-06,209.68
1526,197,2025-07-06,218.84
1527,197,2025-08-05,255.98
1528,197,2025-09-04,204.31
1529,197,2025-10-04,238.37
1530,197,2025-11-03,211.93
1531,197,2025-12-03,218.58
1532,197,2026-01-02,234.41
1533,197,2026-02-01,222.99
1534,198,2025-06-06,49.84
1535,198,2025-07-06,43.63
1536,198,2025-08-05,71.59
1537,198,2025-09-04,25.77
1538,198,2025-10-04,62.69
1539,198,2025-11-03,26.57
1540,198,2025-12-03,44.53
1541,198,2026-01-02,50.99
1542,198,2026-02-01,29.43
1543,199,2025-07-13,159.57
1544,199,2025-08-12,156.66
1545,199,2025-09-11,163.89
1546,199,2025-10-11,194.16
1547,199,2025-11-10,136.61
1548,199,2025-12-10,99.24
1549,199,2026-01-09,128.0
